,,,,,,,,Play,Play,Play,Play,Play,Play,Perf,Perf,Perf,Perf,Perf,Perf,Perf,Expe,Expe,Expe,Expe,Expe,Expe,Expe,Expe,Expe,Expe,Stan,Stan,Stan,Stan,Stan,Stan,Stan,,-additional
Rk,Player,Min,Season,Age,Nation,Team,Comp,MP,Min,90s,Starts,Subs,unSub,Gls,Ast,G+A,G-PK,PK,PKatt,PKm,xG,npxG,xAG,xG+xAG,xA,npxG+xAG,G-xG,np:G-xG,A-xAG,npxG/Sh,Sh,G/Sh,G/SoT,SoT,SoT%,Dist,FK,Pos,-9999
1,Dara O'Shea,512,2024-2025,25,ie IRL,Ipswich Town,eng Premier League,6,512,5.7,6,0,1,0,0,0,0,0,0,0,0.3,0.3,0.0,0.3,0.0,0.3,-0.3,-0.3,0.0,0.05,6,0.00,0.00,1,16.7,9.4,0,DF,1d042188
2,Yerson Mosquera,441,2024-2025,23,co COL,Wolves,eng Premier League,5,441,4.9,5,0,0,0,0,0,0,0,0,0,0.3,0.3,0.1,0.4,0.0,0.4,-0.3,-0.3,-0.1,0.17,2,0.00,,0,0.0,12.4,0,DF,1e159d70
3,Jacob Greaves,630,2024-2025,23,eng ENG,Ipswich Town,eng Premier League,7,630,7.0,7,0,0,0,0,0,0,0,0,0,0.4,0.4,0.0,0.4,0.0,0.4,-0.4,-0.4,0.0,0.08,5,0.00,0.00,2,40.0,9.6,0,DF,1f169636
4,Adam Smith,434,2024-2025,33,eng ENG,Bournemouth,eng Premier League,9,434,4.8,4,5,0,0,0,0,0,0,0,0,0.0,0.0,0.1,0.1,0.0,0.1,0.0,0.0,-0.1,,0,,,0,,,0,DF,20b104bc
5,Caleb Okoli,628,2024-2025,23,it ITA,Leicester City,eng Premier League,7,628,7.0,7,0,2,0,0,0,0,0,0,0,0.1,0.1,0.0,0.1,0.0,0.1,-0.1,-0.1,0.0,0.05,3,0.00,0.00,1,33.3,16.4,0,DF,8ec109e6
6,Michael Keane,720,2024-2025,31,eng ENG,Everton,eng Premier League,8,720,8.0,8,0,1,2,0,2,2,0,0,0,0.3,0.3,0.1,0.4,0.0,0.4,+1.7,+1.7,-0.1,0.05,7,0.29,1.00,2,28.6,15.6,0,DF,c5b7c315
7,Matthijs de Ligt,581,2024-2025,24,nl NED,Manchester Utd,eng Premier League,9,581,6.5,6,3,0,1,0,1,1,0,0,0,1.1,1.1,0.1,1.2,0.0,1.2,-0.1,-0.1,-0.1,0.19,6,0.17,0.20,5,83.3,5.8,0,DF,d6e53a3a
8,Cameron Archer,437,2024-2025,23,eng ENG,Southampton,eng Premier League,9,437,4.9,4,5,0,2,0,2,2,0,1,1,3.5,2.7,0.0,3.5,0.1,2.7,-1.5,-0.7,0.0,0.21,13,0.15,0.33,6,46.2,11.8,0,FW,05e8ca6d
9,Axel Tuanzebe,512,2024-2025,26,cd COD,Ipswich Town,eng Premier League,6,512,5.7,6,0,0,0,0,0,0,0,0,0,0.2,0.2,0.2,0.4,0.1,0.4,-0.2,-0.2,-0.2,0.06,3,0.00,,0,0.0,11.5,0,DF,2baec6ce
10,Guido Rodríguez,688,2024-2025,30,ar ARG,West Ham,eng Premier League,9,688,7.6,9,0,0,0,0,0,0,0,0,0,0.1,0.1,0.0,0.1,0.1,0.1,-0.1,-0.1,0.0,0.01,5,0.00,,0,0.0,31.6,0,MF,34e393f2
11,Ben White,585,2024-2025,26,eng ENG,Arsenal,eng Premier League,7,585,6.5,6,1,0,0,1,1,0,0,0,0,0.1,0.1,0.2,0.3,0.1,0.3,-0.1,-0.1,+0.8,0.04,3,0.00,0.00,1,33.3,21.9,0,DF,35e413f1
12,Craig Dawson,571,2024-2025,34,eng ENG,Wolves,eng Premier League,8,571,6.3,6,2,0,0,0,0,0,0,0,0,0.5,0.5,0.0,0.5,0.1,0.5,-0.5,-0.5,0.0,0.11,4,0.00,0.00,1,25.0,8.7,0,DF,3e9e06cb
13,Taylor Harwood-Bellis,680,2024-2025,22,eng ENG,Southampton,eng Premier League,9,680,7.6,8,1,0,1,0,1,1,0,0,0,0.7,0.7,0.4,1.1,0.1,1.1,+0.3,+0.3,-0.4,0.12,6,0.17,0.33,3,50.0,8.4,0,DF,47327321
14,Kevin Schade,461,2024-2025,22,de GER,Brentford,eng Premier League,9,461,5.1,5,4,0,0,0,0,0,0,0,0,1.2,1.2,0.1,1.3,0.1,1.3,-1.2,-1.2,-0.1,0.15,8,0.00,0.00,4,50.0,11.7,0,FWMF,52afb588
15,Pau Torres,810,2024-2025,27,es ESP,Aston Villa,eng Premier League,9,810,9.0,9,0,0,0,0,0,0,0,0,0,0.2,0.2,0.0,0.2,0.1,0.2,-0.2,-0.2,0.0,0.06,3,0.00,0.00,1,33.3,14.3,0,DF,532e1e4f
16,Ibrahima Konaté,749,2024-2025,25,fr FRA,Liverpool,eng Premier League,9,749,8.3,8,1,0,1,1,2,1,0,0,0,0.4,0.4,0.2,0.6,0.1,0.6,+0.6,+0.6,+0.8,0.08,5,0.20,0.50,2,40.0,9.7,0,DF,5ed9b537
17,Jack Stephens,438,2024-2025,30,eng ENG,Southampton,eng Premier League,5,438,4.9,5,0,0,0,0,0,0,0,0,0,0.2,0.2,0.1,0.4,0.1,0.4,-0.2,-0.2,-0.1,0.23,1,0.00,,0,0.0,3.6,0,DF,6adbc307
18,Illia Zabarnyi,810,2024-2025,21,ua UKR,Bournemouth,eng Premier League,9,810,9.0,9,0,0,0,0,0,0,0,0,0,0.3,0.3,0.1,0.4,0.1,0.4,-0.3,-0.3,-0.1,0.15,2,0.00,,0,0.0,7.8,0,DF,88968486
19,João Gomes,747,2024-2025,23,br BRA,Wolves,eng Premier League,9,747,8.3,9,0,0,0,0,0,0,0,0,0,0.2,0.2,0.1,0.3,0.1,0.3,-0.2,-0.2,-0.1,0.04,5,0.00,,0,0.0,21.9,0,MF,8b57ad2c
20,William Saliba,659,2024-2025,23,fr FRA,Arsenal,eng Premier League,8,659,7.3,8,0,0,0,0,0,0,0,0,0,0.0,0.0,0.0,0.0,0.1,0.0,0.0,0.0,0.0,,0,,,0,,,0,DF,972aeb2a
21,Calvin Bassey,810,2024-2025,24,ng NGA,Fulham,eng Premier League,9,810,9.0,9,0,0,0,0,0,0,0,0,0,0.2,0.2,0.0,0.2,0.1,0.2,-0.2,-0.2,0.0,0.05,4,0.00,,0,0.0,19.5,0,DF,a36524bf
22,Kristoffer Ajer,636,2024-2025,26,no NOR,Brentford,eng Premier League,8,636,7.1,8,0,0,0,0,0,0,0,0,0,0.3,0.3,0.2,0.5,0.1,0.5,-0.3,-0.3,-0.2,0.28,1,0.00,0.00,1,100.0,6.2,0,DF,a8c0acb7
23,Valentino Livramento,530,2024-2025,21,eng ENG,Newcastle Utd,eng Premier League,9,530,5.9,6,3,0,0,0,0,0,0,0,0,0.0,0.0,0.2,0.2,0.1,0.2,0.0,0.0,-0.2,,0,,,0,,,0,DF,afed6722
24,Nikola Milenković,720,2024-2025,26,rs SRB,Nott'ham Forest,eng Premier League,8,720,8.0,8,0,0,0,1,1,0,0,0,0,1.2,1.2,0.2,1.4,0.1,1.4,-1.2,-1.2,+0.8,0.24,5,0.00,,0,0.0,20.4,0,DF,bee704fc
25,Max Kilman,810,2024-2025,27,eng ENG,West Ham,eng Premier League,9,810,9.0,9,0,0,0,1,1,0,0,0,0,0.7,0.7,0.3,0.9,0.1,0.9,-0.7,-0.7,+0.7,0.16,4,0.00,,0,0.0,7.4,0,DF,d0f72bf1
26,Jordan Ayew,426,2024-2025,32,gh GHA,2 Teams,eng Premier League,9,426,4.7,4,5,0,1,0,1,1,0,0,0,0.9,0.9,0.1,0.5,0.1,1.0,+0.1,+0.1,-0.1,0.11,8,0.13,0.50,2,25.0,17.8,1,FWMF,da052c14
27,Liam Delap,632,2024-2025,21,eng ENG,Ipswich Town,eng Premier League,9,632,7.0,8,1,0,5,0,5,5,0,0,0,1.5,1.5,0.3,1.8,0.1,1.8,+3.5,+3.5,-0.3,0.09,16,0.31,0.63,8,50.0,16.3,0,FW,dd897ee7
28,Christian Nørgaard,603,2024-2025,30,dk DEN,Brentford,eng Premier League,7,603,6.7,7,0,0,1,0,1,1,0,0,0,1.2,1.2,0.2,1.4,0.1,1.4,-0.2,-0.2,-0.2,0.11,11,0.09,0.33,3,27.3,17.3,0,MF,df0a4c90
29,Joachim Andersen,513,2024-2025,28,dk DEN,2 Teams,eng Premier League,6,513,5.7,6,0,1,0,0,0,0,0,0,0,0.2,0.2,0.2,0.0,0.1,0.4,-0.2,-0.2,-0.2,0.03,6,0.00,0.00,2,33.3,18.8,0,DF,e34fc66d
30,Abdoulaye Doucouré,565,2024-2025,31,ml MLI,Everton,eng Premier League,8,565,6.3,7,1,1,0,0,0,0,0,0,0,0.3,0.3,0.3,0.6,0.2,0.6,-0.3,-0.3,-0.3,0.07,4,0.00,0.00,1,25.0,14.9,0,MF,02b29014
31,Ezri Konsa,641,2024-2025,26,eng ENG,Aston Villa,eng Premier League,8,641,7.1,8,0,1,1,0,1,1,0,0,0,0.4,0.4,0.1,0.5,0.2,0.5,+0.6,+0.6,-0.1,0.12,3,0.33,0.50,2,66.7,9.7,0,DF,0313a347
32,Wesley Fofana,686,2024-2025,23,fr FRA,Chelsea,eng Premier League,8,686,7.6,8,0,0,0,0,0,0,0,0,0,0.0,0.0,0.4,0.4,0.2,0.4,0.0,0.0,-0.4,0.04,1,0.00,,0,0.0,14.6,0,DF,132a82f1
33,Daichi Kamada,455,2024-2025,27,jp JPN,Crystal Palace,eng Premier League,9,455,5.1,5,4,0,0,0,0,0,0,0,0,0.4,0.4,0.2,0.6,0.2,0.6,-0.4,-0.4,-0.2,0.07,6,0.00,0.00,2,33.3,19.7,0,MF,15b287da
34,Álex Moreno,436,2024-2025,31,es ESP,Nott'ham Forest,eng Premier League,6,436,4.8,6,0,1,0,0,0,0,0,0,0,0.1,0.1,0.2,0.3,0.2,0.3,-0.1,-0.1,-0.2,0.03,4,0.00,,0,0.0,28.1,0,DF,16e9d0ea
35,Jurriën Timber,523,2024-2025,23,nl NED,Arsenal,eng Premier League,7,523,5.8,6,1,0,0,1,1,0,0,0,0,0.3,0.3,0.5,0.8,0.2,0.8,-0.3,-0.3,+0.5,0.07,4,0.00,,0,0.0,15.9,0,DF,41034650
36,Jamie Vardy,753,2024-2025,37,eng ENG,Leicester City,eng Premier League,9,753,8.4,9,0,0,4,0,4,3,1,1,0,3.5,2.7,0.3,3.8,0.2,3.0,+0.5,+0.3,-0.3,0.27,10,0.30,0.75,4,40.0,14.4,0,FW,45963054
37,Chris Wood,721,2024-2025,32,nz NZL,Nott'ham Forest,eng Premier League,9,721,8.0,9,0,0,7,0,7,6,1,1,0,3.7,2.9,0.9,4.6,0.2,3.8,+3.3,+3.1,-0.9,0.16,18,0.33,0.50,12,66.7,13.5,0,FW,4e9a0555
38,Kalvin Phillips,461,2024-2025,28,eng ENG,Ipswich Town,eng Premier League,6,461,5.1,6,0,1,0,0,0,0,0,0,0,0.2,0.2,0.1,0.3,0.2,0.3,-0.2,-0.2,-0.1,0.06,3,0.00,0.00,1,33.3,26.4,1,MF,4f565d77
39,Jan Paul van Hecke,549,2024-2025,24,nl NED,Brighton,eng Premier League,7,549,6.1,6,1,0,0,1,1,0,0,0,0,0.1,0.1,0.2,0.2,0.2,0.2,-0.1,-0.1,+0.8,0.03,2,0.00,,0,0.0,20.4,0,DF,4fd08daa
40,Oliver Skipp,401,2024-2025,23,eng ENG,Leicester City,eng Premier League,6,401,4.5,5,1,2,0,0,0,0,0,0,0,0.0,0.0,0.1,0.1,0.2,0.1,0.0,0.0,-0.1,0.05,1,0.00,0.00,1,100.0,23.0,0,MF,6250083a
41,Gabriel Magalhães,773,2024-2025,26,br BRA,Arsenal,eng Premier League,9,773,8.6,9,0,0,2,0,2,2,0,0,0,1.4,1.4,0.3,1.7,0.2,1.7,+0.6,+0.6,-0.3,0.12,12,0.17,0.50,4,33.3,8.5,0,DF,67ac5bb8
42,Idrissa Gana Gueye,554,2024-2025,34,sn SEN,Everton,eng Premier League,8,554,6.2,6,2,0,0,0,0,0,0,0,0,0.6,0.6,0.0,0.6,0.2,0.6,-0.6,-0.6,0.0,0.08,7,0.00,0.00,1,14.3,21.8,0,MF,72c812f3
43,Kenny Tete,796,2024-2025,28,nl NED,Fulham,eng Premier League,9,796,8.8,9,0,0,0,0,0,0,0,0,0,0.8,0.8,0.3,1.1,0.2,1.1,-0.8,-0.8,-0.3,0.06,13,0.00,0.00,1,7.7,14.9,0,DF,77d7c96f
44,Amadou Onana,540,2024-2025,22,be BEL,Aston Villa,eng Premier League,8,540,6.0,8,0,0,2,0,2,2,0,0,0,1.3,1.3,0.1,1.4,0.2,1.4,+0.7,+0.7,-0.1,0.16,8,0.25,0.67,3,37.5,10.9,0,MF,828657ff
45,Wout Faes,810,2024-2025,26,be BEL,Leicester City,eng Premier League,9,810,9.0,9,0,0,1,0,1,1,0,0,0,0.8,0.8,0.0,0.8,0.2,0.8,+0.2,+0.2,0.0,0.17,5,0.20,1.00,1,20.0,8.8,0,DF,9c221d14
46,Carlos Baleba,572,2024-2025,20,cm CMR,Brighton,eng Premier League,8,572,6.4,7,1,1,1,1,2,1,0,0,0,0.8,0.8,0.3,1.1,0.2,1.1,+0.2,+0.2,+0.7,0.06,15,0.07,0.20,5,33.3,24.2,0,MF,a1390d2f
47,Dan Burn,810,2024-2025,32,eng ENG,Newcastle Utd,eng Premier League,9,810,9.0,9,0,0,0,0,0,0,0,0,0,0.4,0.4,0.1,0.6,0.2,0.6,-0.4,-0.4,-0.1,0.06,7,0.00,0.00,2,28.6,11.9,0,DF,b2d31e83
48,Saša Lukić,547,2024-2025,27,rs SRB,Fulham,eng Premier League,7,547,6.1,7,0,0,0,0,0,0,0,0,0,0.0,0.0,0.3,0.3,0.2,0.3,0.0,0.0,-0.3,,0,,,0,,,0,MF,c6e8cf1f
49,Marc Guéhi,810,2024-2025,24,eng ENG,Crystal Palace,eng Premier League,9,810,9.0,9,0,0,1,0,1,1,0,0,0,0.3,0.3,0.0,0.4,0.2,0.4,+0.7,+0.7,0.0,0.17,2,0.50,0.50,2,100.0,5.7,0,DF,d0706b27
50,Virgil van Dijk,810,2024-2025,33,nl NED,Liverpool,eng Premier League,9,810,9.0,9,0,0,1,0,1,1,0,0,0,0.5,0.5,0.2,0.7,0.2,0.7,+0.5,+0.5,-0.2,0.08,6,0.17,0.50,2,33.3,17.9,1,DF,e06683ca
51,James Justin,810,2024-2025,26,eng ENG,Leicester City,eng Premier League,9,810,9.0,9,0,0,2,1,3,2,0,0,0,0.4,0.4,0.3,0.7,0.2,0.7,+1.6,+1.6,+0.7,0.05,8,0.25,1.00,2,25.0,14.6,0,DF,fb614c44
52,Konstantinos Mavropanos,560,2024-2025,26,gr GRE,West Ham,eng Premier League,8,560,6.2,6,2,1,0,0,0,0,0,0,0,0.2,0.2,0.0,0.2,0.3,0.2,-0.2,-0.2,0.0,0.04,6,0.00,0.00,1,16.7,20.3,0,DF,00963611
53,Joshua Zirkzee,411,2024-2025,23,nl NED,Manchester Utd,eng Premier League,9,411,4.6,4,5,0,1,1,2,1,0,0,0,2.6,2.6,0.6,3.2,0.3,3.2,-1.6,-1.6,+0.4,0.24,11,0.09,0.17,6,54.5,11.5,0,FW,028e70b9
54,Milos Kerkez,747,2024-2025,20,hu HUN,Bournemouth,eng Premier League,9,747,8.3,9,0,0,0,0,0,0,0,0,0,0.2,0.1,0.3,0.4,0.3,0.4,-0.2,-0.1,-0.3,0.02,7,0.00,,0,0.0,24.4,0,DF,0ad53bdc
55,Jean-Ricner Bellegarde,403,2024-2025,26,fr FRA,Wolves,eng Premier League,8,403,4.5,6,2,1,1,1,2,1,0,0,0,0.3,0.3,0.3,0.6,0.3,0.6,+0.7,+0.7,+0.7,0.06,5,0.20,0.50,2,40.0,21.8,1,MFFW,10f0fdd3
56,Diogo Jota,492,2024-2025,27,pt POR,Liverpool,eng Premier League,7,492,5.5,7,0,1,2,2,4,2,0,0,0,2.7,2.7,0.8,3.5,0.3,3.5,-0.7,-0.7,+1.2,0.19,14,0.14,0.67,3,21.4,11.7,0,FW,178ae8f8
57,Yoane Wissa,404,2024-2025,27,cd COD,Brentford,eng Premier League,6,404,4.5,5,1,0,5,1,6,5,0,0,0,3.9,3.9,0.3,4.2,0.3,4.2,+1.1,+1.1,+0.7,0.30,13,0.38,0.71,7,53.8,11.6,0,FW,2500cef9
58,Ryan Christie,563,2024-2025,29,sct SCO,Bournemouth,eng Premier League,9,563,6.3,7,2,0,1,0,1,1,0,0,0,0.4,0.4,0.3,0.7,0.3,0.7,+0.6,+0.6,-0.3,0.06,6,0.17,0.50,2,33.3,20.9,0,MF,26ce2263
59,Lewis Dunk,705,2024-2025,32,eng ENG,Brighton,eng Premier League,8,705,7.8,8,0,0,0,0,0,0,0,0,0,0.2,0.2,0.4,0.7,0.3,0.7,-0.2,-0.2,-0.4,0.08,3,0.00,,0,0.0,15.2,1,DF,282f75f3
60,Vitaliy Mykolenko,565,2024-2025,25,ua UKR,Everton,eng Premier League,7,565,6.3,7,0,0,0,0,0,0,0,0,0,0.0,0.0,0.2,0.2,0.3,0.2,0.0,0.0,-0.2,0.02,1,0.00,,0,0.0,32.3,0,DF,30d4a2e5
61,Jean-Philippe Mateta,574,2024-2025,27,fr FRA,Crystal Palace,eng Premier League,9,574,6.4,7,2,0,3,0,3,2,1,1,0,1.9,1.1,0.7,2.6,0.3,1.8,+1.1,+0.9,-0.7,0.12,9,0.22,0.67,3,33.3,13.9,0,FW,50e6dc35
62,Sepp van den Berg,552,2024-2025,22,nl NED,Brentford,eng Premier League,7,552,6.1,6,1,1,0,0,0,0,0,0,0,0.4,0.4,0.1,0.5,0.3,0.5,-0.4,-0.4,-0.1,0.08,5,0.00,0.00,3,60.0,11.2,0,DF,7bf9400b
63,Nicolas Jackson,689,2024-2025,23,sn SEN,Chelsea,eng Premier League,9,689,7.7,9,0,0,6,3,9,6,0,0,0,6.0,6.0,1.1,7.2,0.3,7.2,0.0,0.0,+1.9,0.27,22,0.27,0.50,12,54.5,11.5,0,FW,9c36ed83
64,Eddie Nketiah,406,2024-2025,25,eng ENG,2 Teams,eng Premier League,6,406,4.5,5,1,2,0,0,0,0,0,0,0,0.8,0.8,0.4,,0.3,1.2,-0.8,-0.8,-0.4,0.05,15,0.00,0.00,5,33.3,17.1,0,FW,a53649b7
65,Nathan Collins,810,2024-2025,23,ie IRL,Brentford,eng Premier League,9,810,9.0,9,0,0,1,0,1,1,0,0,0,1.8,1.8,0.2,1.9,0.3,1.9,-0.8,-0.8,-0.2,0.20,9,0.11,0.25,4,44.4,8.5,0,DF,a8c19eb8
66,Lisandro Martínez,706,2024-2025,26,ar ARG,Manchester Utd,eng Premier League,8,706,7.8,8,0,1,0,0,0,0,0,0,0,0.8,0.8,0.1,0.9,0.3,0.9,-0.8,-0.8,-0.1,0.12,7,0.00,0.00,3,42.9,15.9,0,DF,bac46a10
67,Ryan Yates,629,2024-2025,26,eng ENG,Nott'ham Forest,eng Premier League,9,629,7.0,5,4,0,1,0,1,1,0,0,0,1.2,1.2,0.7,1.8,0.3,1.8,-0.2,-0.2,-0.7,0.08,14,0.07,0.25,4,28.6,18.9,0,MF,c1fe2a48
68,Danny Welbeck,749,2024-2025,33,eng ENG,Brighton,eng Premier League,9,749,8.3,9,0,0,6,1,7,6,0,0,0,4.5,4.5,0.4,4.9,0.3,4.9,+1.5,+1.5,+0.6,0.18,25,0.24,0.55,11,44.0,14.4,3,FW,ce5143da
69,Malo Gusto,600,2024-2025,21,fr FRA,Chelsea,eng Premier League,7,600,6.7,7,0,0,0,0,0,0,0,0,0,0.5,0.5,0.1,0.6,0.3,0.6,-0.5,-0.5,-0.1,0.05,10,0.00,0.00,1,10.0,22.2,0,DF,d56b9520
70,Toti Gomes,585,2024-2025,25,pt POR,Wolves,eng Premier League,7,585,6.5,7,0,0,0,1,1,0,0,0,0,0.0,0.0,0.5,0.5,0.3,0.5,0.0,0.0,+0.5,0.01,1,0.00,,0,0.0,35.4,0,DF,f0caab96
71,James Tarkowski,810,2024-2025,31,eng ENG,Everton,eng Premier League,9,810,9.0,9,0,0,0,0,0,0,0,0,0,0.6,0.6,0.5,1.1,0.4,1.1,-0.6,-0.6,-0.5,0.10,6,0.00,,0,0.0,6.8,0,DF,15ea812b
72,Murillo,810,2024-2025,22,br BRA,Nott'ham Forest,eng Premier League,9,810,9.0,9,0,0,0,0,0,0,0,0,0,0.2,0.2,0.8,1.0,0.4,1.0,-0.2,-0.2,-0.8,0.05,5,0.00,0.00,2,40.0,18.8,1,DF,1704b0b8
73,Erling Haaland,809,2024-2025,24,no NOR,Manchester City,eng Premier League,9,809,9.0,9,0,0,11,0,11,10,1,1,0,8.8,8.0,0.5,9.3,0.4,8.5,+2.2,+2.0,-0.5,0.19,42,0.24,0.40,25,59.5,12.2,1,FW,1f44ac21
74,Maxence Lacroix,540,2024-2025,24,fr FRA,Crystal Palace,eng Premier League,6,540,6.0,6,0,0,0,1,1,0,0,0,0,0.2,0.2,0.3,0.5,0.4,0.5,-0.2,-0.2,+0.7,0.08,3,0.00,,0,0.0,9.3,0,DF,277c49ed
75,Marcos Senesi,616,2024-2025,27,ar ARG,Bournemouth,eng Premier League,7,616,6.8,7,0,1,0,0,0,0,0,0,0,0.1,0.1,0.3,0.4,0.4,0.4,-0.1,-0.1,-0.3,0.12,1,0.00,,0,0.0,9.5,0,DF,35141f4c
76,Leandro Trossard,490,2024-2025,29,be BEL,Arsenal,eng Premier League,9,490,5.4,6,3,0,2,0,2,2,0,0,0,1.5,1.5,0.7,2.2,0.4,2.2,+0.5,+0.5,-0.7,0.15,10,0.20,0.50,4,40.0,16.6,0,FW,38ceb24a
77,Victor Bernth Kristiansen,682,2024-2025,21,dk DEN,Leicester City,eng Premier League,8,682,7.6,8,0,0,0,0,0,0,0,0,0,0.0,0.0,0.3,0.3,0.4,0.3,0.0,0.0,-0.3,,0,,,0,,,0,DF,505486d6
78,Thomas Partey,797,2024-2025,31,gh GHA,Arsenal,eng Premier League,9,797,8.9,9,0,0,1,0,1,1,0,0,0,0.3,0.3,0.2,0.5,0.4,0.5,+0.7,+0.7,-0.2,0.05,6,0.17,0.50,2,33.3,22.9,0,MFDF,529f49ab
79,Iliman Ndiaye,655,2024-2025,24,sn SEN,Everton,eng Premier League,9,655,7.3,7,2,0,2,0,2,2,0,0,0,0.8,0.8,0.4,1.2,0.4,1.2,+1.2,+1.2,-0.4,0.10,8,0.25,0.40,5,62.5,14.3,0,FW,5ed97752
80,Kyle Walker-Peters,620,2024-2025,27,eng ENG,Southampton,eng Premier League,7,620,6.9,7,0,2,0,1,1,0,0,0,0,0.2,0.2,0.7,0.9,0.4,0.9,-0.2,-0.2,+0.3,0.03,7,0.00,0.00,3,42.9,20.0,0,DF,984a5a64
81,Jefferson Lerma,415,2024-2025,29,co COL,Crystal Palace,eng Premier League,7,415,4.6,5,2,1,0,0,0,0,0,0,0,0.1,0.1,0.8,0.9,0.4,0.9,-0.1,-0.1,-0.8,0.02,5,0.00,,0,0.0,24.7,0,MFDF,9b5ce51a
82,Rico Lewis,664,2024-2025,19,eng ENG,Manchester City,eng Premier League,8,664,7.4,8,0,1,0,2,2,0,0,0,0,0.7,0.7,0.2,0.9,0.4,0.9,-0.7,-0.7,+1.8,0.18,4,0.00,,0,0.0,14.9,0,MFDF,b57e066e
83,Omari Hutchinson,704,2024-2025,20,eng ENG,Ipswich Town,eng Premier League,8,704,7.8,8,0,0,0,1,1,0,0,0,0,0.5,0.5,0.9,1.4,0.4,1.4,-0.5,-0.5,+0.1,0.05,10,0.00,0.00,4,40.0,21.2,1,MFFW,bd9553e6
84,Nélson Semedo,600,2024-2025,30,pt POR,Wolves,eng Premier League,7,600,6.7,7,0,0,0,2,2,0,0,0,0,0.3,0.3,1.0,1.3,0.4,1.3,-0.3,-0.3,+1.0,0.06,5,0.00,0.00,3,60.0,22.4,0,DF,d04b94db
85,Ethan Pinnock,810,2024-2025,31,jm JAM,Brentford,eng Premier League,9,810,9.0,9,0,0,2,0,2,2,0,0,0,0.8,0.8,0.5,1.3,0.4,1.3,+1.2,+1.2,-0.5,0.11,8,0.25,0.33,6,75.0,10.9,0,DF,e541326e
86,Mateus Fernandes,528,2024-2025,20,pt POR,Southampton,eng Premier League,8,528,5.9,6,2,0,0,1,1,0,0,0,0,0.4,0.4,0.8,1.3,0.4,1.3,-0.4,-0.4,+0.2,0.11,4,0.00,0.00,1,25.0,9.9,0,MF,ef491564
87,Dominic Calvert-Lewin,763,2024-2025,27,eng ENG,Everton,eng Premier League,9,763,8.5,9,0,0,2,1,3,2,0,0,0,3.5,3.5,0.3,3.7,0.5,3.7,-1.5,-1.5,+0.7,0.16,21,0.10,0.22,9,42.9,11.6,0,FW,59e6e5bf
88,Tomáš Souček,564,2024-2025,29,cz CZE,West Ham,eng Premier League,9,564,6.3,6,3,0,2,0,2,2,0,0,0,2.0,2.0,0.4,2.4,0.5,2.4,0.0,0.0,-0.4,0.13,17,0.12,0.67,3,17.6,11.1,0,MF,6613c819
89,Levi Colwill,809,2024-2025,21,eng ENG,Chelsea,eng Premier League,9,809,9.0,9,0,0,0,0,0,0,0,0,0,0.2,0.2,0.6,0.8,0.5,0.8,-0.2,-0.2,-0.6,0.08,2,0.00,0.00,1,50.0,7.4,0,DF,700783e7
90,Alejandro Garnacho,591,2024-2025,20,ar ARG,Manchester Utd,eng Premier League,9,591,6.6,6,3,0,2,1,3,2,0,0,0,3.0,3.0,1.1,4.1,0.5,4.1,-1.0,-1.0,-0.1,0.12,25,0.08,0.22,9,36.0,16.6,0,FW,7aa8adfe
91,Rayan Aït-Nouri,743,2024-2025,23,dz ALG,Wolves,eng Premier League,9,743,8.3,9,0,0,3,2,5,3,0,0,0,1.0,1.0,1.0,2.1,0.5,2.1,+2.0,+2.0,+1.0,0.11,10,0.30,0.75,4,40.0,14.0,0,DF,9b398aea
92,Kobbie Mainoo,571,2024-2025,19,eng ENG,Manchester Utd,eng Premier League,7,571,6.3,7,0,0,0,0,0,0,0,0,0,0.1,0.1,0.7,0.8,0.5,0.8,-0.1,-0.1,-0.7,0.03,4,0.00,,0,0.0,26.6,0,MF,c6220452
93,Fabian Schär,567,2024-2025,32,ch SUI,Newcastle Utd,eng Premier League,7,567,6.3,7,0,0,1,0,1,1,0,0,0,0.7,0.7,0.2,0.9,0.5,0.9,+0.3,+0.3,-0.2,0.08,9,0.11,1.00,1,11.1,19.0,2,DF,c8aa95da
94,Jørgen Strand Larsen,732,2024-2025,24,no NOR,Wolves,eng Premier League,9,732,8.1,9,0,0,3,1,4,3,0,0,0,1.9,1.9,0.8,2.7,0.5,2.7,+1.1,+1.1,+0.2,0.16,12,0.25,0.38,8,66.7,11.5,0,FW,f553b2b3
95,Brennan Johnson,693,2024-2025,23,wls WAL,Tottenham,eng Premier League,9,693,7.7,8,1,0,3,0,3,3,0,0,0,4.0,4.0,0.7,4.7,0.6,4.7,-1.0,-1.0,-0.7,0.14,29,0.10,0.38,8,27.6,12.5,0,FW,0cd31129
96,Joe Aribo,482,2024-2025,28,ng NGA,Southampton,eng Premier League,8,482,5.4,5,3,1,1,0,1,1,0,0,0,1.2,1.2,0.7,1.9,0.6,1.9,-0.2,-0.2,-0.7,0.18,7,0.14,0.33,3,42.9,13.1,0,MF,328f7d51
97,Adam Wharton,622,2024-2025,20,eng ENG,Crystal Palace,eng Premier League,8,622,6.9,8,0,1,0,0,0,0,0,0,0,0.2,0.2,0.6,0.8,0.6,0.8,-0.2,-0.2,-0.6,0.03,9,0.00,0.00,5,55.6,25.6,0,MF,4b542852
98,Justin Kluivert,474,2024-2025,25,nl NED,Bournemouth,eng Premier League,9,474,5.3,6,3,0,1,2,3,0,1,1,0,1.6,0.8,0.9,2.5,0.6,1.7,-0.6,-0.8,+1.1,0.06,12,0.00,0.00,5,41.7,18.5,0,MFFW,4c3a6744
99,Evanilson,541,2024-2025,24,br BRA,Bournemouth,eng Premier League,8,541,6.0,7,1,0,2,0,2,2,0,1,1,2.5,1.8,0.6,3.2,0.6,2.4,-0.5,+0.2,-0.6,0.12,15,0.13,0.40,5,33.3,16.4,0,FW,6f3cc2fe
100,Daniel Muñoz,726,2024-2025,28,co COL,Crystal Palace,eng Premier League,9,726,8.1,9,0,0,0,0,0,0,0,0,0,0.4,0.4,0.7,1.1,0.6,1.1,-0.4,-0.4,-0.7,0.07,6,0.00,0.00,1,16.7,14.7,0,DFMF,778ef829
101,Alexander Isak,585,2024-2025,24,se SWE,Newcastle Utd,eng Premier League,7,585,6.5,7,0,0,2,1,3,2,0,0,0,3.5,3.5,0.9,4.4,0.6,4.4,-1.5,-1.5,+0.1,0.17,21,0.10,0.29,7,33.3,14.2,1,FW,8e92be30
102,John McGinn,427,2024-2025,29,sct SCO,Aston Villa,eng Premier League,7,427,4.7,6,1,0,0,0,0,0,0,0,0,0.5,0.5,0.2,0.7,0.6,0.7,-0.5,-0.5,-0.2,0.10,5,0.00,,0,0.0,17.3,0,MFFW,90f91999
103,Lucas Paquetá,631,2024-2025,26,br BRA,West Ham,eng Premier League,9,631,7.0,8,1,0,2,0,2,1,1,1,0,2.1,1.3,0.6,2.7,0.6,1.9,-0.1,-0.3,-0.6,0.12,11,0.09,0.50,2,18.2,21.6,1,MF,9b6f7fd5
104,Aaron Wan-Bissaka,659,2024-2025,26,eng ENG,West Ham,eng Premier League,8,659,7.3,7,1,1,0,0,0,0,0,0,0,0.1,0.1,0.3,0.4,0.6,0.4,-0.1,-0.1,-0.3,0.03,3,0.00,0.00,1,33.3,21.5,0,DF,9e525177
105,Sam Morsy,713,2024-2025,32,eg EGY,Ipswich Town,eng Premier League,8,713,7.9,8,0,0,1,0,1,1,0,0,0,0.2,0.2,0.2,0.4,0.6,0.4,+0.8,+0.8,-0.2,0.04,5,0.20,1.00,1,20.0,24.0,0,MF,a23c0949
106,Cristian Romero,810,2024-2025,26,ar ARG,Tottenham,eng Premier League,9,810,9.0,9,0,0,1,0,1,1,0,0,0,1.0,1.0,0.4,1.4,0.6,1.4,0.0,0.0,-0.4,0.10,10,0.10,0.25,4,40.0,9.4,0,DF,a3d94a58
107,Ollie Watkins,685,2024-2025,28,eng ENG,Aston Villa,eng Premier League,9,685,7.6,9,0,0,5,2,7,5,0,0,0,4.3,4.3,1.0,5.3,0.6,5.3,+0.7,+0.7,+1.0,0.21,21,0.24,0.45,11,52.4,9.8,0,FW,aed3a70f
108,Tyler Dibling,493,2024-2025,18,eng ENG,Southampton,eng Premier League,9,493,5.5,6,3,0,1,0,1,1,0,0,0,0.9,0.9,0.8,1.7,0.6,1.7,+0.1,+0.1,-0.8,0.12,8,0.13,0.25,4,50.0,19.9,0,FWMF,bdcc89ae
109,Joelinton,746,2024-2025,27,br BRA,Newcastle Utd,eng Premier League,9,746,8.3,9,0,0,1,0,1,1,0,0,0,1.7,1.7,0.7,2.4,0.6,2.4,-0.7,-0.7,-0.7,0.11,15,0.07,0.25,4,26.7,12.3,0,MF,c17bfb65
110,Dominic Solanke,617,2024-2025,26,eng ENG,Tottenham,eng Premier League,7,617,6.9,7,0,0,2,1,3,2,0,0,0,3.6,3.6,0.8,4.3,0.6,4.3,-1.6,-1.6,+0.2,0.25,15,0.13,0.25,8,53.3,10.4,0,FW,e77dc3b2
111,Marc Cucurella,603,2024-2025,26,es ESP,Chelsea,eng Premier League,8,603,6.7,7,1,0,0,0,0,0,0,0,0,0.0,0.0,0.2,0.2,0.7,0.2,0.0,0.0,-0.2,,0,,,0,,,0,DF,1daec722
112,Ola Aina,773,2024-2025,27,ng NGA,Nott'ham Forest,eng Premier League,9,773,8.6,9,0,0,0,0,0,0,0,0,0,0.1,0.1,0.3,0.4,0.7,0.4,-0.1,-0.1,-0.3,0.02,3,0.00,,0,0.0,26.9,0,DF,246d153b
113,Antonee Robinson,810,2024-2025,26,us USA,Fulham,eng Premier League,9,810,9.0,9,0,0,0,2,2,0,0,0,0,0.2,0.2,0.6,0.8,0.7,0.8,-0.2,-0.2,+1.4,0.03,5,0.00,,0,0.0,22.6,0,DF,289601e6
114,Mario Lemina,764,2024-2025,30,ga GAB,Wolves,eng Premier League,9,764,8.5,9,0,0,1,1,2,1,0,0,0,1.0,1.0,0.3,1.3,0.7,1.3,0.0,0.0,+0.7,0.10,10,0.10,0.25,4,40.0,20.5,0,MF,2b471f99
115,Rúben Dias,727,2024-2025,27,pt POR,Manchester City,eng Premier League,9,727,8.1,8,1,0,0,0,0,0,0,0,0,0.6,0.6,0.1,0.7,0.7,0.7,-0.6,-0.6,-0.1,0.05,11,0.00,0.00,3,27.3,20.6,0,DF,31c69ef1
116,Jan Bednarek,800,2024-2025,28,pl POL,Southampton,eng Premier League,9,800,8.9,9,0,0,0,0,0,0,0,0,0,0.0,0.0,0.4,0.4,0.7,0.4,0.0,0.0,-0.4,,0,,,0,,,0,DF,4115ce4e
117,Enzo Fernández,568,2024-2025,23,ar ARG,Chelsea,eng Premier League,8,568,6.3,6,2,0,0,0,0,0,0,0,0,0.3,0.3,1.1,1.4,0.7,1.4,-0.3,-0.3,-1.1,0.07,4,0.00,0.00,2,50.0,13.7,0,MF,5ff4ab71
118,Destiny Udogie,744,2024-2025,21,it ITA,Tottenham,eng Premier League,9,744,8.3,9,0,0,0,1,1,0,0,0,0,0.3,0.3,1.0,1.3,0.7,1.3,-0.3,-0.3,0.0,0.06,5,0.00,0.00,1,20.0,15.1,0,DF,7cd520e8
119,Vitaly Janelt,723,2024-2025,26,de GER,Brentford,eng Premier League,9,723,8.0,9,0,0,0,2,2,0,0,0,0,0.2,0.2,1.0,1.1,0.7,1.1,-0.2,-0.2,+1.0,0.04,4,0.00,0.00,1,25.0,19.9,0,MF,8449d35e
120,Micky van de Ven,710,2024-2025,23,nl NED,Tottenham,eng Premier League,8,710,7.9,8,0,0,0,2,2,0,0,0,0,0.2,0.2,1.2,1.4,0.7,1.4,-0.2,-0.2,+0.8,0.06,4,0.00,0.00,1,25.0,11.4,0,DF,8fe2a392
121,Noussair Mazraoui,642,2024-2025,26,ma MAR,Manchester Utd,eng Premier League,9,642,7.1,8,1,0,0,1,1,0,0,0,0,0.2,0.2,0.1,0.4,0.7,0.4,-0.2,-0.2,+0.9,0.05,4,0.00,0.00,2,50.0,17.3,0,DF,b74277a0
122,Jack Hinshelwood,697,2024-2025,19,eng ENG,Brighton,eng Premier League,8,697,7.7,8,0,0,1,0,1,1,0,0,0,0.4,0.4,0.3,0.7,0.7,0.7,+0.6,+0.6,-0.3,0.07,6,0.17,0.50,2,33.3,16.1,0,DFMF,e98211e7
123,Kai Havertz,810,2024-2025,25,de GER,Arsenal,eng Premier League,9,810,9.0,9,0,0,4,1,5,4,0,0,0,4.5,4.5,1.0,5.5,0.7,5.5,-0.5,-0.5,0.0,0.16,28,0.14,0.40,10,35.7,12.1,0,FW,fed7cb61
124,Emile Smith Rowe,627,2024-2025,24,eng ENG,Fulham,eng Premier League,9,627,7.0,8,1,0,2,2,4,2,0,0,0,1.8,1.8,0.5,2.3,0.8,2.3,+0.2,+0.2,+1.5,0.13,14,0.14,1.00,2,14.3,15.4,0,MF,17695062
125,Anthony Elanga,498,2024-2025,22,se SWE,Nott'ham Forest,eng Premier League,9,498,5.5,6,3,0,0,1,1,0,0,0,0,0.6,0.6,0.6,1.2,0.8,1.2,-0.6,-0.6,+0.4,0.08,8,0.00,0.00,3,37.5,19.1,1,FW,2fba6108
126,Manuel Akanji,691,2024-2025,29,ch SUI,Manchester City,eng Premier League,8,691,7.7,8,0,1,0,0,0,0,0,0,0,0.1,0.1,0.3,0.4,0.8,0.4,-0.1,-0.1,-0.3,0.02,5,0.00,0.00,1,20.0,23.2,0,DF,89ac64a6
127,Dominik Szoboszlai,655,2024-2025,23,hu HUN,Liverpool,eng Premier League,9,655,7.3,7,2,0,0,1,1,0,0,0,0,1.5,1.5,1.1,2.5,0.8,2.5,-1.5,-1.5,-0.1,0.12,12,0.00,0.00,3,25.0,18.7,0,MF,934e1968
128,Jack Harrison,592,2024-2025,27,eng ENG,Everton,eng Premier League,9,592,6.6,7,2,0,0,0,0,0,0,0,0,0.9,0.9,1.5,2.4,0.8,2.4,-0.9,-0.9,-1.5,0.11,8,0.00,0.00,2,25.0,15.7,0,FW,aa849a12
129,Michail Antonio,558,2024-2025,34,jm JAM,West Ham,eng Premier League,9,558,6.2,8,1,0,1,1,2,1,0,0,0,1.9,1.9,1.6,3.4,0.8,3.4,-0.9,-0.9,-0.6,0.13,15,0.07,0.33,3,20.0,12.7,0,FW,ac05f970
130,Noni Madueke,618,2024-2025,22,eng ENG,Chelsea,eng Premier League,8,618,6.9,8,0,1,4,0,4,4,0,0,0,2.0,2.0,1.3,3.3,0.8,3.3,+2.0,+2.0,-1.3,0.08,25,0.16,0.33,12,48.0,15.5,0,FW,bf34eebd
131,Joël Veltman,701,2024-2025,32,nl NED,Brighton,eng Premier League,8,701,7.8,8,0,0,0,0,0,0,0,0,0,0.1,0.1,0.3,0.3,0.8,0.3,-0.1,-0.1,-0.3,0.03,2,0.00,,0,0.0,22.3,0,DF,dad4b285
132,Elliot Anderson,569,2024-2025,21,eng ENG,Nott'ham Forest,eng Premier League,9,569,6.3,8,1,0,0,2,2,0,0,0,0,0.8,0.8,1.2,1.9,0.8,1.9,-0.8,-0.8,+0.8,0.05,15,0.00,0.00,3,20.0,19.7,0,MFFW,de31038e
133,Dango Ouattara,414,2024-2025,22,bf BFA,Bournemouth,eng Premier League,8,414,4.6,4,4,0,1,1,2,1,0,0,0,1.5,1.5,1.4,2.9,0.9,2.9,-0.5,-0.5,-0.4,0.22,7,0.14,0.50,2,28.6,10.9,0,FWDF,2f9e4435
134,Morgan Gibbs-White,506,2024-2025,24,eng ENG,Nott'ham Forest,eng Premier League,6,506,5.6,6,0,0,1,0,1,1,0,0,0,0.8,0.8,0.8,1.7,0.9,1.7,+0.2,+0.2,-0.8,0.07,13,0.08,0.17,6,46.2,16.4,1,MF,32f60ed8
135,Facundo Buonanotte,551,2024-2025,19,ar ARG,Leicester City,eng Premier League,8,551,6.1,6,2,1,3,2,5,3,0,0,0,2.1,2.1,1.3,3.5,0.9,3.5,+0.9,+0.9,+0.7,0.13,17,0.18,0.60,5,29.4,18.8,0,MFFW,468a7a91
136,Tyrick Mitchell,760,2024-2025,24,eng ENG,Crystal Palace,eng Premier League,9,760,8.4,9,0,0,0,1,1,0,0,0,0,0.2,0.2,1.4,1.7,0.9,1.7,-0.2,-0.2,-0.4,0.08,3,0.00,0.00,1,33.3,12.3,0,DFMF,5cbd1eb0
137,Flynn Downes,806,2024-2025,25,eng ENG,Southampton,eng Premier League,9,806,9.0,9,0,0,0,0,0,0,0,0,0,0.5,0.5,0.8,1.3,0.9,1.3,-0.5,-0.5,-0.8,0.09,5,0.00,0.00,1,20.0,18.4,0,MF,69fdb896
138,Wilfred Ndidi,775,2024-2025,27,ng NGA,Leicester City,eng Premier League,9,775,8.6,9,0,0,0,4,4,0,0,0,0,0.3,0.3,1.3,1.6,0.9,1.6,-0.3,-0.3,+2.7,0.04,7,0.00,0.00,3,42.9,15.0,0,MF,6b47c5db
139,Bruno Guimarães,800,2024-2025,26,br BRA,Newcastle Utd,eng Premier League,9,800,8.9,9,0,0,0,1,1,0,0,0,0,0.5,0.5,0.8,1.3,0.9,1.3,-0.5,-0.5,+0.2,0.06,9,0.00,0.00,2,22.2,21.4,0,MF,82518f62
140,Mohammed Kudus,663,2024-2025,23,gh GHA,West Ham,eng Premier League,8,663,7.4,8,0,0,2,0,2,2,0,0,0,2.8,2.8,0.8,3.6,0.9,3.6,-0.8,-0.8,-0.8,0.10,27,0.07,0.20,10,37.0,14.9,0,MFFW,b62878a5
141,Georginio Rutter,448,2024-2025,22,fr FRA,Brighton,eng Premier League,8,448,5.0,6,2,0,2,2,4,2,0,0,0,1.5,1.5,1.3,2.7,0.9,2.7,+0.5,+0.5,+0.7,0.07,20,0.10,0.67,3,15.0,14.4,0,FWMF,c64c01fc
142,Callum Hudson-Odoi,639,2024-2025,23,eng ENG,Nott'ham Forest,eng Premier League,9,639,7.1,7,2,0,1,0,1,1,0,0,0,0.7,0.7,1.0,1.7,1.0,1.7,+0.3,+0.3,-1.0,0.06,13,0.08,0.20,5,38.5,19.4,0,FW,15f3ec41
143,Declan Rice,672,2024-2025,25,eng ENG,Arsenal,eng Premier League,8,672,7.5,8,0,0,0,1,1,0,0,0,0,0.4,0.4,1.3,1.7,1.0,1.7,-0.4,-0.4,-0.3,0.05,8,0.00,0.00,2,25.0,21.2,0,MF,1c7012b8
144,Marcus Tavernier,690,2024-2025,25,eng ENG,Bournemouth,eng Premier League,9,690,7.7,8,1,0,1,2,3,1,0,0,0,2.5,2.5,1.3,3.8,1.0,3.8,-1.5,-1.5,+0.7,0.12,22,0.05,0.13,8,36.4,20.6,2,MFFW,5c0da4a4
145,Mateo Kovačić,699,2024-2025,30,hr CRO,Manchester City,eng Premier League,9,699,7.8,8,1,0,3,0,3,3,0,0,0,0.9,0.9,0.3,1.2,1.0,1.2,+2.1,+2.1,-0.3,0.05,16,0.19,0.75,4,25.0,21.9,0,MF,79c0821a
146,İlkay Gündoğan,471,2024-2025,33,de GER,Manchester City,eng Premier League,8,471,5.2,5,3,0,0,0,0,0,0,0,0,1.3,1.3,1.0,2.3,1.0,2.3,-1.3,-1.3,-1.0,0.12,11,0.00,0.00,2,18.2,17.7,2,MF,819b3158
147,Ashley Young,605,2024-2025,39,eng ENG,Everton,eng Premier League,7,605,6.7,7,0,1,0,3,3,0,0,0,0,0.1,0.1,0.7,0.7,1.0,0.7,-0.1,-0.1,+2.3,0.06,1,0.00,0.00,1,100.0,24.8,1,DF,be927d03
148,Jeremy Doku,401,2024-2025,22,be BEL,Manchester City,eng Premier League,7,401,4.5,5,2,1,1,1,2,1,0,0,0,0.4,0.4,1.2,1.6,1.0,1.6,+0.6,+0.6,-0.2,0.04,9,0.11,0.50,2,22.2,20.5,0,FWMF,fffea3e5
149,Moisés Caicedo,795,2024-2025,22,ec ECU,Chelsea,eng Premier League,9,795,8.8,9,0,0,0,2,2,0,0,0,0,0.2,0.2,1.5,1.7,1.1,1.7,-0.2,-0.2,+0.5,0.05,5,0.00,,0,0.0,24.0,0,MF,16264a81
150,Andrew Robertson,666,2024-2025,30,sct SCO,Liverpool,eng Premier League,9,666,7.4,8,1,0,0,0,0,0,0,0,0,0.4,0.4,1.5,2.0,1.1,2.0,-0.4,-0.4,-1.5,0.14,3,0.00,0.00,2,66.7,8.8,0,DF,2e4f5f03
151,Harry Winks,675,2024-2025,28,eng ENG,Leicester City,eng Premier League,8,675,7.5,7,1,1,0,2,2,0,0,0,0,0.0,0.0,1.0,1.0,1.1,1.0,0.0,0.0,+1.0,0.02,2,0.00,,0,0.0,31.3,0,MF,2f7acede
152,Harvey Barnes,478,2024-2025,26,eng ENG,Newcastle Utd,eng Premier League,9,478,5.3,5,4,0,3,1,4,3,0,0,0,2.0,2.0,1.9,4.0,1.1,4.0,+1.0,+1.0,-0.9,0.13,16,0.19,0.60,5,31.3,14.6,0,FW,3ea50f67
153,Casemiro,457,2024-2025,32,br BRA,Manchester Utd,eng Premier League,8,457,5.1,5,3,1,1,0,1,1,0,0,0,0.9,0.9,1.7,2.6,1.1,2.6,+0.1,+0.1,-1.7,0.07,13,0.08,0.25,4,30.8,19.2,0,MF,4d224fe8
154,Yukinari Sugawara,625,2024-2025,24,jp JPN,Southampton,eng Premier League,8,625,6.9,8,0,1,1,0,1,1,0,0,0,0.3,0.3,1.4,1.7,1.1,1.7,+0.7,+0.7,-1.4,0.05,5,0.20,0.50,2,40.0,20.4,1,DF,580bcd18
155,Christian Eriksen,428,2024-2025,32,dk DEN,Manchester Utd,eng Premier League,7,428,4.8,5,2,2,0,0,0,0,0,0,0,0.1,0.1,1.6,1.7,1.1,1.7,-0.1,-0.1,-1.6,0.04,2,0.00,,0,0.0,19.8,0,MF,980522ec
156,Raúl Jiménez,518,2024-2025,33,mx MEX,Fulham,eng Premier League,9,518,5.8,6,3,0,4,1,5,3,1,1,0,3.3,2.6,2.0,5.4,1.1,4.6,+0.7,+0.4,-1.0,0.12,22,0.14,0.30,10,45.5,14.1,0,FW,b561db50
157,Ryan Gravenberch,809,2024-2025,22,nl NED,Liverpool,eng Premier League,9,809,9.0,9,0,0,0,0,0,0,0,0,0,0.1,0.1,0.4,0.6,1.1,0.6,-0.1,-0.1,-0.4,0.04,4,0.00,0.00,2,50.0,28.0,0,MF,b8e740fb
158,Diogo Dalot,810,2024-2025,25,pt POR,Manchester Utd,eng Premier League,9,810,9.0,9,0,0,0,1,1,0,0,0,0,0.7,0.7,1.1,1.8,1.1,1.8,-0.7,-0.7,-0.1,0.22,3,0.00,0.00,1,33.3,15.9,0,DF,d9565625
159,Emerson Palmieri,683,2024-2025,29,it ITA,West Ham,eng Premier League,9,683,7.6,9,0,0,0,0,0,0,0,0,0,0.9,0.9,0.8,1.7,1.1,1.7,-0.9,-0.9,-0.8,0.19,5,0.00,0.00,2,40.0,16.3,0,DF,e0bc6fdc
160,Jacob Ramsey,509,2024-2025,23,eng ENG,Aston Villa,eng Premier League,8,509,5.7,5,3,0,0,2,2,0,0,0,0,0.5,0.5,1.3,1.8,1.2,1.8,-0.5,-0.5,+0.7,0.08,7,0.00,0.00,3,42.9,16.5,0,FWMF,1544f145
161,Pedro Porro,806,2024-2025,24,es ESP,Tottenham,eng Premier League,9,806,9.0,9,0,0,1,0,1,1,0,0,0,0.7,0.7,1.1,1.8,1.2,1.8,+0.3,+0.3,-1.1,0.04,17,0.06,0.25,4,23.5,24.0,1,DF,27d0a506
162,Keane Lewis-Potter,603,2024-2025,23,eng ENG,Brentford,eng Premier League,9,603,6.7,7,2,0,0,1,1,0,0,0,0,0.8,0.8,0.7,1.5,1.2,1.5,-0.8,-0.8,+0.3,0.09,9,0.00,0.00,5,55.6,20.2,1,FWDF,41f08ac8
163,Luis Díaz,533,2024-2025,27,co COL,Liverpool,eng Premier League,9,533,5.9,7,2,0,5,2,7,5,0,0,0,2.8,2.8,1.3,4.1,1.2,4.1,+2.2,+2.2,+0.7,0.16,17,0.29,0.56,9,52.9,13.5,0,FW,4a1a9578
164,Joško Gvardiol,762,2024-2025,22,hr CRO,Manchester City,eng Premier League,9,762,8.5,8,1,0,2,0,2,2,0,0,0,0.5,0.5,0.8,1.3,1.2,1.3,+1.5,+1.5,-0.8,0.04,12,0.17,0.33,6,50.0,17.1,0,DF,5ad50391
165,Alexis Mac Allister,626,2024-2025,25,ar ARG,Liverpool,eng Premier League,9,626,7.0,8,1,0,0,0,0,0,0,0,0,0.3,0.3,1.0,1.3,1.2,1.3,-0.3,-0.3,-1.0,0.05,5,0.00,0.00,3,60.0,16.8,0,MF,83d074ff
166,Son Heung-min,519,2024-2025,32,kr KOR,Tottenham,eng Premier League,6,519,5.8,6,0,0,3,2,5,3,0,0,0,1.8,1.8,1.8,3.6,1.2,3.6,+1.2,+1.2,+0.2,0.15,12,0.25,0.50,6,50.0,17.3,0,FW,92e7e919
167,Marcus Rashford,629,2024-2025,26,eng ENG,Manchester Utd,eng Premier League,9,629,7.0,8,1,0,1,1,2,1,0,0,0,0.7,0.7,1.9,2.6,1.2,2.6,+0.3,+0.3,-0.9,0.08,8,0.13,0.20,5,62.5,17.2,0,FW,a1d5bd30
168,Yankuba Minteh,406,2024-2025,20,gm GAM,Brighton,eng Premier League,7,406,4.5,5,2,0,1,1,2,1,0,0,0,0.8,0.8,1.5,2.3,1.2,2.3,+0.2,+0.2,-0.5,0.11,7,0.14,0.50,2,28.6,15.3,0,FWMF,c3cf087d
169,Jacob Murphy,496,2024-2025,29,eng ENG,Newcastle Utd,eng Premier League,9,496,5.5,6,3,0,0,2,2,0,0,0,0,0.3,0.3,1.4,1.7,1.2,1.7,-0.3,-0.3,+0.6,0.05,7,0.00,0.00,3,42.9,19.0,0,FW,de112b84
170,Lewis Cook,803,2024-2025,27,eng ENG,Bournemouth,eng Premier League,9,803,8.9,9,0,0,1,2,3,1,0,0,0,0.3,0.3,1.8,2.2,1.3,2.2,+0.7,+0.7,+0.2,0.07,5,0.20,0.50,2,40.0,23.9,0,MF,2afc7272
171,Leon Bailey,428,2024-2025,26,jm JAM,Aston Villa,eng Premier League,8,428,4.8,6,2,0,0,2,2,0,0,0,0,0.4,0.4,1.0,1.4,1.3,1.4,-0.4,-0.4,+1.0,0.05,7,0.00,0.00,1,14.3,19.5,1,FWMF,3a233281
172,Lewis Hall,606,2024-2025,19,eng ENG,Newcastle Utd,eng Premier League,9,606,6.7,6,3,0,0,1,1,0,0,0,0,0.0,0.0,1.8,1.8,1.3,1.8,0.0,0.0,-0.8,,0,,,0,,,0,DF,da011f18
173,Dejan Kulusevski,679,2024-2025,24,se SWE,Tottenham,eng Premier League,9,679,7.5,8,1,0,2,1,3,2,0,0,0,1.4,1.4,2.0,3.3,1.3,3.3,+0.6,+0.6,-1.0,0.08,17,0.12,0.40,5,29.4,15.7,0,MFFW,df3cda47
174,Morgan Rogers,741,2024-2025,22,eng ENG,Aston Villa,eng Premier League,9,741,8.2,9,0,0,2,2,4,2,0,0,0,1.7,1.7,2.2,3.9,1.4,3.9,+0.3,+0.3,-0.2,0.10,17,0.12,0.33,6,35.3,17.4,0,MFFW,2e5915f1
175,Eberechi Eze,809,2024-2025,26,eng ENG,Crystal Palace,eng Premier League,9,809,9.0,9,0,0,1,1,2,1,0,0,0,3.0,3.0,1.0,4.0,1.4,4.0,-2.0,-2.0,0.0,0.08,37,0.03,0.08,12,32.4,20.9,5,MFFW,ae4fc6a4
176,Lucas Digne,678,2024-2025,31,fr FRA,Aston Villa,eng Premier League,9,678,7.5,9,0,0,0,2,2,0,0,0,0,0.3,0.3,1.4,1.7,1.5,1.7,-0.3,-0.3,+0.6,0.07,4,0.00,0.00,1,25.0,23.6,2,DF,1b84dbe1
177,Kaoru Mitoma,740,2024-2025,27,jp JPN,Brighton,eng Premier League,9,740,8.2,8,1,0,1,2,3,1,0,0,0,2.3,2.3,2.2,4.4,1.5,4.4,-1.3,-1.3,-0.2,0.13,19,0.05,0.13,8,42.1,14.2,0,FWMF,74618572
178,Antoine Semenyo,787,2024-2025,24,gh GHA,Bournemouth,eng Premier League,9,787,8.7,9,0,0,3,1,4,3,0,0,0,3.0,3.0,2.0,4.9,1.5,4.9,0.0,0.0,-1.0,0.08,38,0.08,0.38,8,21.1,18.2,0,FW,efd2ec23
179,Stephy Mavididi,539,2024-2025,26,eng ENG,Leicester City,eng Premier League,9,539,6.0,6,3,0,2,0,2,2,0,0,0,0.8,0.8,0.7,1.5,1.6,1.5,+1.2,+1.2,-0.7,0.08,9,0.22,1.00,2,22.2,14.4,0,FW,30144daa
180,Matheus Cunha,707,2024-2025,25,br BRA,Wolves,eng Premier League,9,707,7.9,8,1,0,4,0,4,4,0,0,0,2.2,2.2,1.8,4.0,1.6,4.0,+1.8,+1.8,-1.8,0.08,27,0.15,0.40,10,37.0,18.6,1,MFFW,dc62b55d
181,Mohamed Salah,784,2024-2025,32,eg EGY,Liverpool,eng Premier League,9,784,8.7,9,0,0,6,5,11,4,2,2,0,5.2,3.6,2.9,8.1,1.6,6.5,+0.8,+0.4,+2.1,0.15,25,0.16,0.27,15,60.0,16.1,0,FW,e342ad68
182,Anthony Gordon,682,2024-2025,23,eng ENG,Newcastle Utd,eng Premier League,8,682,7.6,8,0,0,2,0,2,1,1,2,1,3.3,1.7,1.5,4.8,1.7,3.2,-1.3,-0.7,-1.5,0.16,11,0.09,0.25,4,36.4,17.4,0,FW,2bd83368
183,Bernardo Silva,727,2024-2025,29,pt POR,Manchester City,eng Premier League,9,727,8.1,8,1,0,0,3,3,0,0,0,0,1.3,1.3,2.5,3.7,1.7,3.7,-1.3,-1.3,+0.5,0.08,15,0.00,0.00,5,33.3,12.6,0,MFFW,3eb22ec9
184,Bruno Fernandes,749,2024-2025,29,pt POR,Manchester Utd,eng Premier League,9,749,8.3,9,0,0,0,2,2,0,0,0,0,2.5,2.5,2.3,4.8,1.7,4.8,-2.5,-2.5,-0.3,0.09,28,0.00,0.00,5,17.9,20.1,2,MFFW,507c7bdf
185,Mikkel Damsgaard,629,2024-2025,24,dk DEN,Brentford,eng Premier League,9,629,7.0,7,2,0,0,3,3,0,0,0,0,0.7,0.7,2.7,3.4,1.8,3.4,-0.7,-0.7,+0.3,0.12,6,0.00,0.00,3,50.0,14.8,1,MFFW,215f3907
186,Gabriel Martinelli,552,2024-2025,23,br BRA,Arsenal,eng Premier League,9,552,6.1,6,3,0,2,2,4,2,0,0,0,1.5,1.5,1.7,3.3,1.8,3.3,+0.5,+0.5,+0.3,0.15,10,0.20,0.40,5,50.0,13.4,0,MFFW,48a5a5d6
187,Alex Iwobi,766,2024-2025,28,ng NGA,Fulham,eng Premier League,9,766,8.5,9,0,0,2,1,3,2,0,0,0,0.9,0.9,1.8,2.7,1.8,2.7,+1.1,+1.1,-0.8,0.08,12,0.17,0.33,6,50.0,14.7,0,FW,6ca5ec4b
188,Leif Davis,810,2024-2025,24,eng ENG,Ipswich Town,eng Premier League,9,810,9.0,9,0,0,0,2,2,0,0,0,0,0.5,0.5,1.7,2.1,1.8,2.1,-0.5,-0.5,+0.3,0.07,7,0.00,0.00,1,14.3,21.2,1,DF,8574c61f
189,Adama Traoré,690,2024-2025,28,es ESP,Fulham,eng Premier League,9,690,7.7,9,0,0,1,2,3,1,0,0,0,2.6,2.6,2.1,4.7,1.8,4.7,-1.6,-1.6,-0.1,0.15,17,0.06,0.14,7,41.2,15.1,0,FWMF,9a28eba4
190,Andreas Pereira,688,2024-2025,28,br BRA,Fulham,eng Premier League,9,688,7.6,9,0,0,1,0,1,1,0,1,1,1.9,1.1,1.6,3.5,1.9,2.7,-0.9,-0.1,-1.6,0.09,13,0.08,0.33,3,23.1,23.4,3,MF,6639e500
191,Cole Palmer,775,2024-2025,22,eng ENG,Chelsea,eng Premier League,9,775,8.6,9,0,0,7,5,12,6,1,1,0,4.8,4.0,4.2,8.9,2.1,8.1,+2.2,+2.0,+0.8,0.14,28,0.21,0.55,11,39.3,19.4,4,MFFW,dc7f8a28
192,Youri Tielemans,803,2024-2025,27,be BEL,Aston Villa,eng Premier League,9,803,8.9,9,0,0,0,3,3,0,0,0,0,0.5,0.5,2.2,2.8,2.2,2.8,-0.5,-0.5,+0.8,0.06,9,0.00,0.00,2,22.2,22.5,0,MF,56f7a928
193,Jarrod Bowen,786,2024-2025,27,eng ENG,West Ham,eng Premier League,9,786,8.7,9,0,0,3,2,5,2,1,1,0,1.8,1.1,2.9,4.7,2.3,4.0,+1.2,+0.9,-0.9,0.06,18,0.11,0.29,7,38.9,20.0,0,FWMF,79c84d1c
194,Bryan Mbeumo,809,2024-2025,24,cm CMR,Brentford,eng Premier League,9,809,9.0,9,0,0,8,0,8,6,2,2,0,3.8,2.2,2.0,5.8,2.5,4.2,+4.2,+3.8,-2.0,0.12,19,0.32,0.60,10,52.6,18.9,2,FW,6afaebf2
195,Sávio,453,2024-2025,20,br BRA,Manchester City,eng Premier League,7,453,5.0,6,1,1,0,2,2,0,0,0,0,1.1,1.1,3.0,4.1,2.7,4.1,-1.1,-1.1,-1.0,0.09,13,0.00,0.00,4,30.8,20.4,1,FWMF,fe6e7156
196,Trent Alexander-Arnold,752,2024-2025,25,eng ENG,Liverpool,eng Premier League,9,752,8.4,9,0,0,0,1,1,0,0,0,0,0.4,0.4,2.2,2.6,2.9,2.6,-0.4,-0.4,-1.2,0.04,10,0.00,0.00,2,20.0,25.5,2,DF,cd1acf9d
197,Bukayo Saka,650,2024-2025,22,eng ENG,Arsenal,eng Premier League,8,650,7.2,8,0,0,3,7,10,3,0,0,0,2.3,2.3,3.5,5.8,3.2,5.8,+0.7,+0.7,+3.5,0.08,27,0.11,0.25,12,44.4,16.1,0,MFFW,bc7dc64d
198,Dwight McNeil,797,2024-2025,24,eng ENG,Everton,eng Premier League,9,797,8.9,9,0,0,3,3,6,3,0,0,0,0.7,0.7,2.6,3.3,3.4,3.3,+2.3,+2.3,+0.4,0.04,16,0.19,0.43,7,43.8,20.6,0,MFFW,fc15fb84
199,James Maddison,669,2024-2025,27,eng ENG,Tottenham,eng Premier League,9,669,7.4,9,0,0,2,3,5,2,0,0,0,2.3,2.3,1.9,4.1,3.6,4.1,-0.3,-0.3,+1.1,0.13,17,0.12,0.20,10,58.8,15.4,1,MF,ee38d9c5